{"cameraMode":{"drawMode":0,"name":"Shaded","section":"Shading Mode"},"sceneLighting":false,"audioPlay":false,"sceneViewState":{"m_AlwaysRefresh":false,"showFog":true,"showSkybox":false,"showFlares":true,"showImageEffects":true,"showParticleSystems":true,"showVisualEffectGraphs":true,"m_FxEnabled":true},"in2DMode":false,"pivot":{"x":0.45000001788139346,"y":1.0700000524520875,"z":-6.130000114440918},"rotation":{"x":-0.13017383217811585,"y":0.06301122903823853,"z":-0.008290841244161129,"w":-0.9894571900367737},"size":1.2247449159622193,"orthographic":false}